<?xml version='1.0' encoding='UTF-8'?>
<?artifactRepository version='1.1.0'?>
<repository name='file:/G:/workspace/Anypointworkspace/trade-leads-connector/target/update-site/ - artifacts' type='org.eclipse.equinox.p2.artifact.repository.simpleRepository' version='1'>
  <properties size='2'>
    <property name='p2.timestamp' value='1500792706573'/>
    <property name='p2.compressed' value='false'/>
  </properties>
  <mappings size='3'>
    <rule filter='(&amp; (classifier=osgi.bundle))' output='${repoUrl}/plugins/${id}_${version}.jar'/>
    <rule filter='(&amp; (classifier=binary))' output='${repoUrl}/binary/${id}_${version}'/>
    <rule filter='(&amp; (classifier=org.eclipse.update.feature))' output='${repoUrl}/features/${id}_${version}.jar'/>
  </mappings>
  <artifacts size='2'>
    <artifact classifier='org.eclipse.update.feature' id='org.mule.tooling.ui.extension.trade-leads-connector.3.5.0' version='1.0.0.201707230251'>
      <properties size='4'>
        <property name='artifact.size' value='650'/>
        <property name='download.size' value='650'/>
        <property name='download.md5' value='8b2b9a5be58fa6c27f1faffa720ead87'/>
        <property name='download.contentType' value='application/zip'/>
      </properties>
    </artifact>
    <artifact classifier='osgi.bundle' id='org.mule.tooling.ui.contribution.trade-leads.3.5.0' version='1.0.0.201707230251'>
      <properties size='3'>
        <property name='artifact.size' value='456664'/>
        <property name='download.size' value='456664'/>
        <property name='download.md5' value='2517dda195404133693c510e438b7a3c'/>
      </properties>
    </artifact>
  </artifacts>
</repository>
